Student_ID,Attendance_Percentage,Assessment_Score,Assignment_Completion_Rate,Login_Frequency,Study_Hours,Activity_Count,Final_Completion_Status
1001,66.16,41.77,0.5035,20,17.16,106,1
1002,42.83,39.77,0.3371,16,9.81,92,0
1003,56.41,57.94,0.4712,21,14.85,107,1
1004,80.43,94.4,0.8459,30,16.39,97,0
1005,43.96,50.79,0.4318,17,7.06,71,0
1006,41.69,33.77,0.4911,21,2.34,56,0
1007,87.16,82.8,0.8849,31,16.93,124,1
1008,72.99,49.89,0.68,20,10.74,118,1
1009,41.32,51.29,0.4719,21,5.72,70,1
1010,72.67,55.53,0.6016,21,10.67,113,1
1011,31.6,40.82,0.2886,16,13.38,71,0
1012,39.14,53.55,0.5126,18,15.35,47,1
1013,49.1,42.77,0.4895,23,11.62,49,1
1014,0.0,2.99,0.0238,9,0.95,25,0
1015,14.84,13.7,0.1372,8,0.0,25,0
1016,37.78,49.22,0.2963,12,9.16,48,0
1017,41.85,18.09,0.2557,21,11.3,24,0
1018,61.33,30.17,0.5973,23,10.51,78,1
1019,23.65,29.6,0.3532,12,0.0,50,0
1020,36.59,29.54,0.1278,13,6.36,48,0
1021,89.08,87.18,0.7444,33,18.82,127,1
1022,50.14,41.77,0.5623,20,4.34,97,1
1023,49.54,47.51,0.5631,31,10.8,66,1
1024,13.83,34.74,0.4226,8,5.65,50,0
1025,36.13,23.37,0.5091,14,7.6,64,1
1026,60.93,48.5,0.6366,21,8.07,94,0
1027,42.06,31.0,0.131,15,8.44,39,1
1028,69.86,60.81,0.6515,17,10.29,107,1
1029,34.08,34.6,0.3746,7,3.14,66,0
1030,35.21,45.06,0.3866,15,2.68,61,0
1031,39.09,16.77,0.3965,9,11.38,62,0
1032,72.9,77.42,0.965,33,19.26,132,1
1033,52.32,53.84,0.5474,22,10.21,87,0
1034,27.66,22.12,0.2006,8,4.45,31,0
1035,62.72,65.34,0.7388,21,11.7,104,1
1036,12.83,32.05,0.1921,11,1.89,49,0
1037,58.29,50.68,0.5634,25,9.54,87,0
1038,6.54,16.26,0.0777,1,0.0,41,1
1039,14.08,17.43,0.2125,13,2.48,52,0
1040,30.96,51.68,0.616,25,9.85,86,0
1041,64.55,68.78,0.5437,30,14.78,105,1
1042,67.61,54.5,0.7288,26,10.57,90,1
1043,60.98,42.64,0.2948,28,11.92,83,0
1044,40.32,46.6,0.38,16,12.84,44,1
1045,15.61,29.82,0.2413,9,7.26,31,0
1046,39.35,18.59,0.4145,13,8.53,36,0
1047,32.8,52.14,0.3978,16,8.19,85,0
1048,73.56,66.0,0.7057,35,11.29,111,1
1049,63.0,60.01,0.6098,17,13.59,87,0
1050,24.55,29.04,0.1243,2,7.99,41,0
1051,55.68,43.49,0.7041,28,12.32,96,1
1052,40.67,36.68,0.5069,21,14.21,52,0
1053,29.44,35.22,0.4519,13,2.72,59,1
1054,55.62,53.96,0.5257,28,8.98,93,0
1055,68.81,84.17,0.6983,30,16.69,85,0
1056,71.56,59.05,0.6562,33,14.52,98,1
1057,40.52,29.89,0.2316,14,10.58,52,1
1058,37.39,46.27,0.4742,22,8.72,69,1
1059,68.57,45.14,0.5125,33,8.72,68,1
1060,67.34,64.0,0.7606,30,13.26,127,1
1061,40.25,44.23,0.2971,16,3.49,64,1
1062,40.31,43.66,0.6348,21,5.87,75,0
1063,8.48,29.25,0.1891,10,8.49,53,1
1064,33.15,23.7,0.2827,20,7.83,32,0
1065,72.15,51.0,0.7417,27,14.34,111,0
1066,74.87,77.31,0.7142,30,10.26,115,1
1067,49.1,64.5,0.5708,16,8.64,64,0
1068,74.2,68.23,0.5778,32,10.34,119,1
1069,44.73,58.54,0.7175,26,14.98,113,1
1070,32.87,44.62,0.3724,13,5.67,72,0
1071,63.58,45.08,0.5126,25,8.19,105,1
1072,70.73,93.01,0.7777,26,16.24,118,1
1073,51.63,51.18,0.5737,20,7.94,55,0
1074,70.44,92.85,0.7545,34,20.71,149,0
1075,1.34,0.0,0.0,6,0.0,32,0
1076,66.15,81.16,0.6422,23,9.09,128,0
1077,38.82,58.54,0.3997,16,3.89,78,1
1078,53.34,49.6,0.6223,14,8.71,54,1
1079,45.96,53.76,0.4617,15,8.68,67,0
1080,3.77,11.99,0.1856,9,0.0,5,0
1081,47.21,56.85,0.477,24,12.69,72,0
1082,66.33,57.69,0.473,24,13.43,115,1
1083,71.43,58.9,0.795,37,15.83,122,1
1084,40.13,30.62,0.4747,16,12.02,69,1
1085,37.26,33.77,0.3195,13,8.75,76,0
1086,45.51,43.76,0.519,15,5.52,59,1
1087,69.72,65.97,0.7852,26,10.54,138,1
1088,53.64,66.89,0.6576,16,13.77,120,1
1089,32.78,22.9,0.3481,17,9.07,62,1
1090,60.95,60.53,0.4947,24,12.56,87,0
1091,43.36,35.39,0.4581,24,7.85,93,1
1092,46.0,74.27,0.7134,28,15.7,104,1
1093,39.45,36.51,0.4142,14,4.93,42,0
1094,50.68,47.88,0.2173,14,8.38,89,0
1095,23.25,35.17,0.4208,17,12.77,86,1
1096,12.65,35.17,0.2231,11,2.16,38,1
1097,60.88,64.71,0.5315,18,6.47,70,0
1098,71.68,59.95,0.6813,22,7.89,69,0
1099,50.27,48.93,0.5432,21,13.0,82,1
1100,39.48,51.0,0.5841,15,9.83,65,0
1101,20.23,18.16,0.1953,6,3.95,32,0
1102,52.59,50.13,0.5096,18,6.79,83,1
1103,37.98,58.68,0.595,13,10.09,81,0
1104,27.56,45.19,0.4707,15,4.24,77,0
1105,42.91,40.53,0.3585,15,10.27,60,1
1106,50.45,60.53,0.5554,27,9.42,87,0
1107,88.71,72.31,0.8427,44,14.85,148,1
1108,66.49,58.29,0.5838,18,8.79,92,1
1109,57.74,58.69,0.6201,24,9.9,111,1
1110,46.49,31.83,0.4012,16,9.56,84,1
1111,9.29,5.01,0.123,9,3.03,50,0
1112,36.96,46.97,0.2927,15,0.0,87,1
1113,58.27,48.38,0.6562,22,7.82,98,1
1114,98.64,83.45,0.9414,36,18.68,149,0
1115,44.71,50.04,0.4671,18,13.75,74,0
1116,81.58,57.69,0.5293,18,7.97,103,0
1117,51.7,47.63,0.6077,23,10.35,103,0
1118,20.61,22.16,0.0,7,9.81,56,0
1119,69.45,80.01,0.7269,31,10.63,113,0
1120,74.23,78.43,0.6398,25,14.19,123,1
1121,66.73,59.89,0.6128,26,10.76,71,0
1122,20.31,28.12,0.4907,13,4.85,31,0
1123,85.41,79.67,0.6918,28,13.2,132,1
1124,16.62,21.54,0.2968,10,2.2,38,0
1125,76.72,59.31,0.653,31,20.51,107,1
1126,100.0,96.09,1.0,34,21.3,147,1
1127,26.61,14.99,0.2352,17,9.34,59,1
1128,48.92,51.67,0.3134,21,9.21,51,0
1129,52.54,52.45,0.6295,18,5.58,92,1
1130,46.75,37.23,0.4418,10,9.17,80,0
1131,22.86,21.28,0.0354,9,7.02,52,0
1132,44.6,50.9,0.4598,18,7.71,112,0
1133,23.61,15.3,0.3262,19,8.65,52,0
1134,67.71,71.98,0.6785,24,14.01,98,0
1135,28.93,33.82,0.2482,9,11.88,30,0
1136,77.77,81.89,0.5186,28,14.95,119,1
1137,26.69,44.47,0.3957,18,3.57,54,0
1138,46.95,35.01,0.3136,15,7.63,86,0
1139,82.77,68.9,0.461,27,17.56,95,0
1140,16.84,25.44,0.0,14,0.0,55,0
1141,54.74,61.72,0.6269,20,4.7,87,1
1142,87.44,54.38,0.7743,30,15.5,117,0
1143,17.21,20.17,0.1559,7,2.24,36,0
1144,57.31,47.9,0.6758,24,10.76,80,0
1145,46.7,58.57,0.6157,24,13.88,81,0
1146,69.06,68.3,0.818,25,11.47,78,1
1147,23.76,21.37,0.1133,10,0.0,39,0
1148,31.48,19.82,0.2325,8,10.85,33,0
1149,69.94,58.4,0.4427,18,9.1,88,0
1150,76.66,47.28,0.5365,23,8.01,95,1
1151,59.65,62.09,0.5252,30,14.31,97,1
1152,59.54,52.91,0.632,19,10.23,94,0
1153,37.95,11.6,0.3686,11,7.09,75,1
1154,51.82,50.81,0.6088,18,12.38,96,1
1155,58.57,45.93,0.629,25,14.42,84,0
1156,33.35,22.46,0.5726,16,6.14,52,1
1157,88.66,72.45,0.8416,34,22.02,141,0
1158,70.02,59.51,0.5007,20,5.49,103,1
1159,18.12,40.51,0.2863,11,7.51,65,0
1160,72.25,64.64,0.5511,19,10.11,118,0
1161,41.04,27.0,0.4533,13,10.22,43,0
1162,64.8,68.27,0.6291,30,13.57,102,1
1163,56.2,66.72,0.6752,24,12.62,125,1
1164,28.72,28.98,0.2887,7,8.71,71,0
1165,79.64,56.95,0.7645,34,16.53,123,1
1166,58.07,41.66,0.5668,21,13.58,91,1
1167,58.45,61.29,0.6002,31,10.2,86,1
1168,83.9,85.56,1.0,35,16.14,122,1
1169,51.82,44.71,0.3653,17,9.01,77,1
1170,39.3,32.69,0.3528,16,6.86,63,0
1171,30.3,25.48,0.3873,9,8.69,37,0
1172,30.75,40.79,0.1737,14,0.69,56,1
1173,45.32,36.76,0.5326,18,10.69,87,1
1174,49.44,63.12,0.4627,17,10.49,73,0
1175,68.46,45.96,0.6376,24,8.59,105,1
1176,63.97,58.12,0.5692,26,11.08,99,0
1177,60.0,37.03,0.5719,19,9.41,99,0
1178,91.24,71.65,0.9013,27,5.01,116,1
1179,52.69,54.01,0.5332,24,6.84,57,0
1180,100.0,100.0,1.0,45,18.25,155,1
1181,65.74,70.07,0.602,29,14.1,97,0
1182,32.66,39.27,0.2709,12,4.15,48,0
1183,21.35,20.79,0.4329,5,5.07,45,0
1184,62.24,55.71,0.5265,32,16.56,99,0
1185,36.1,38.96,0.3516,18,12.09,71,1
1186,73.78,74.83,0.7093,23,15.56,100,1
1187,55.75,47.75,0.515,25,10.39,69,0
1188,50.15,56.73,0.3904,24,11.34,84,1
1189,35.33,42.79,0.1863,13,5.91,53,1
1190,17.63,39.2,0.1487,13,3.35,59,0
1191,45.76,38.28,0.4024,21,9.44,53,0
1192,63.33,71.83,0.6956,23,11.63,79,1
1193,61.25,74.39,0.6379,19,15.34,96,0
1194,14.32,22.02,0.3035,14,4.54,48,1
1195,54.47,39.3,0.5155,11,12.55,70,1
1196,73.22,40.02,0.5572,22,15.91,69,0
1197,24.32,40.5,0.3742,7,9.56,77,1
1198,47.65,35.82,0.658,19,6.39,106,0
1199,55.28,47.7,0.5243,19,11.57,44,1
1200,28.58,33.36,0.2245,9,7.98,39,1
1201,59.96,58.11,0.4723,21,14.11,116,1
1202,65.13,63.92,0.4676,20,8.9,90,0
1203,76.74,71.5,0.7832,38,12.36,105,1
1204,79.95,80.48,0.7686,36,17.2,107,0
1205,25.73,16.63,0.2822,4,2.2,22,0
1206,29.31,27.03,0.2996,19,5.35,26,0
1207,65.68,52.32,0.7437,23,16.79,111,1
1208,75.47,66.72,0.5543,25,11.91,68,0
1209,59.24,67.37,0.6985,24,9.88,99,0
1210,100.0,100.0,1.0,48,22.78,200,1
1211,70.27,70.93,0.5533,29,13.28,75,1
1212,71.75,59.84,0.7864,30,10.54,100,1
1213,51.7,82.18,0.7318,26,13.07,127,1
1214,69.81,75.43,0.666,20,13.61,108,0
1215,39.41,50.95,0.4451,14,12.64,61,1
1216,64.46,79.7,0.648,20,15.04,121,1
1217,37.2,21.18,0.5843,14,4.77,75,0
1218,46.79,41.02,0.5711,13,12.59,77,1
1219,45.97,34.65,0.4752,15,7.16,52,1
1220,48.15,57.97,0.5276,26,6.62,76,0
1221,100.0,82.21,1.0,43,18.74,154,1
1222,10.58,23.21,0.1783,5,6.85,21,0
1223,69.64,74.69,0.6399,25,13.24,115,0
1224,22.67,27.23,0.1471,15,3.59,9,0
1225,33.08,44.06,0.3975,18,13.02,43,0
1226,80.47,60.71,0.4007,27,10.06,115,1
1227,47.0,43.54,0.5339,15,6.4,75,0
1228,34.91,41.85,0.2356,13,0.84,38,0
1229,38.63,44.14,0.5162,18,8.26,32,0
1230,78.3,61.88,0.6379,23,13.22,101,1
1231,33.6,33.09,0.235,15,11.71,57,0
1232,51.53,35.66,0.5383,20,11.6,96,1
1233,50.76,41.18,0.4045,20,8.97,82,1
1234,34.54,55.47,0.417,5,7.4,58,0
1235,99.28,77.07,0.9579,36,18.93,162,1
1236,49.75,63.12,0.7226,29,7.52,79,1
1237,1.07,22.61,0.0159,1,10.03,27,0
1238,45.19,42.06,0.5407,22,12.31,61,0
1239,44.37,39.75,0.2311,12,7.98,48,1
1240,80.73,73.79,0.7406,28,15.26,87,0
1241,33.31,35.85,0.3934,13,8.96,68,1
1242,46.35,73.75,0.5266,15,9.12,76,0
1243,60.66,44.07,0.6012,29,10.13,95,1
1244,76.61,75.11,0.7146,31,15.26,89,1
1245,18.58,26.84,0.4204,8,6.36,39,0
1246,45.22,50.93,0.4046,19,6.23,59,1
1247,48.3,45.42,0.4189,18,12.36,72,1
1248,40.94,31.64,0.2607,17,8.27,46,0
1249,86.83,83.84,0.7663,27,19.25,153,1
1250,66.11,40.57,0.5908,27,15.8,67,1
1251,3.16,32.73,0.3582,8,5.02,30,0
1252,73.78,69.2,0.6579,26,14.62,133,1
1253,87.21,93.95,0.9008,48,20.92,137,1
1254,56.0,78.11,0.6658,29,11.96,91,1
1255,23.7,25.96,0.1427,6,4.08,38,1
1256,51.3,42.62,0.4327,7,8.44,58,0
1257,74.24,64.87,0.6037,36,12.2,105,1
1258,43.47,30.85,0.4866,9,14.12,42,0
1259,71.77,68.67,0.5222,20,7.55,135,1
1260,76.01,76.87,0.7271,25,9.2,99,1
1261,44.58,31.17,0.1876,18,10.23,23,0
1262,54.75,49.34,0.555,23,11.9,101,1
1263,0.0,0.0,0.0,1,0.0,5,0
1264,16.7,42.12,0.3335,13,7.72,38,0
1265,42.98,51.44,0.35,16,13.39,58,0
1266,18.3,45.01,0.2754,11,4.92,53,0
1267,100.0,71.48,0.7082,33,24.33,125,1
1268,19.99,20.86,0.1887,12,0.0,8,1
1269,42.18,44.16,0.5149,20,10.32,94,0
1270,57.03,58.17,0.6058,23,14.02,77,1
1271,79.17,74.0,0.7898,30,18.44,146,1
1272,34.84,16.3,0.1153,11,3.64,56,0
1273,68.28,78.87,0.7972,29,13.78,100,1
1274,51.76,56.67,0.504,16,11.37,96,1
1275,24.43,24.09,0.0717,11,8.52,41,0
1276,48.68,70.52,0.6707,24,13.66,66,0
1277,49.09,64.11,0.5374,25,13.92,80,1
1278,37.7,40.4,0.5002,14,4.54,68,1
1279,47.96,51.97,0.4044,16,9.6,75,1
1280,36.75,48.05,0.1053,17,5.64,64,0
1281,41.02,44.29,0.5506,21,9.3,101,1
1282,62.58,62.19,0.6616,26,15.69,101,1
1283,69.68,59.18,0.6481,36,16.67,115,0
1284,31.32,35.61,0.1546,14,12.87,53,1
1285,93.32,74.34,1.0,35,19.11,147,1
1286,0.0,28.39,0.079,2,2.37,5,0
1287,44.49,44.3,0.5427,15,9.71,82,1
1288,55.75,58.68,0.5526,28,10.44,104,1
1289,58.17,49.41,0.3472,28,10.95,89,0
1290,48.27,36.2,0.3584,14,10.89,75,0
1291,30.84,59.02,0.4318,17,9.51,64,0
1292,41.06,18.74,0.3614,22,5.65,70,0
1293,36.93,50.88,0.3707,17,4.87,39,0
1294,72.36,68.34,0.6963,29,12.05,112,1
1295,58.85,45.56,0.5564,18,11.65,120,1
1296,30.13,27.85,0.235,17,10.81,44,0
1297,65.44,81.28,0.7285,23,9.58,96,1
1298,49.78,47.02,0.3665,18,10.27,79,1
1299,74.87,54.25,0.4575,25,13.68,106,1
1300,62.76,71.57,0.6998,23,7.02,83,1
1301,48.63,38.13,0.3849,12,4.18,61,1
1302,38.31,31.48,0.3822,10,5.72,76,1
1303,59.28,65.4,0.5099,30,10.6,110,1
1304,50.1,51.75,0.5513,29,13.02,72,0
1305,35.16,59.53,0.4695,12,9.43,94,1
1306,39.67,61.66,0.3639,25,8.8,98,1
1307,77.69,77.79,0.6816,27,16.39,131,1
1308,42.24,42.61,0.4469,19,12.8,68,0
1309,48.29,75.7,0.7522,24,17.11,100,1
1310,53.12,46.36,0.4176,18,3.42,89,1
1311,41.78,35.44,0.5321,18,10.86,102,0
1312,73.15,73.82,0.5283,34,13.86,99,1
1313,79.41,83.63,0.731,22,13.77,121,1
1314,73.44,55.51,0.5823,29,12.06,103,1
1315,73.96,70.25,0.7918,35,15.57,117,1
1316,43.29,54.13,0.4794,23,10.54,58,1
1317,46.42,61.79,0.7684,35,10.99,96,1
1318,38.04,35.57,0.3505,15,6.07,56,1
1319,54.79,65.93,0.6276,26,9.95,83,0
1320,39.5,68.54,0.446,19,10.18,60,0
1321,50.89,53.51,0.5036,26,12.18,76,1
1322,62.52,52.58,0.6006,25,14.94,92,1
1323,31.84,21.33,0.2518,12,5.24,57,0
1324,86.65,89.98,0.9171,42,19.22,119,1
1325,31.23,41.83,0.2925,10,8.86,28,0
1326,29.25,32.42,0.2813,5,8.64,49,0
1327,64.44,70.82,0.7401,27,14.46,103,1
1328,77.12,58.95,0.7381,29,12.5,120,1
1329,61.69,51.4,0.7172,31,13.07,102,1
1330,62.72,68.82,0.5206,25,9.06,108,1
1331,55.42,58.0,0.5844,25,9.37,101,0
1332,33.92,19.94,0.2019,7,8.64,48,0
1333,59.14,65.67,0.5739,19,12.23,74,0
1334,38.75,42.98,0.4265,13,6.48,73,0
1335,64.6,80.15,0.5039,27,14.55,117,1
1336,49.95,35.27,0.4799,19,6.94,73,0
1337,24.34,22.85,0.2881,16,8.81,76,0
1338,44.44,42.87,0.3598,16,8.48,67,0
1339,57.99,61.96,0.7177,24,10.82,93,0
1340,37.06,56.02,0.3219,15,6.66,63,0
1341,32.53,41.55,0.2549,10,6.52,41,0
1342,39.82,52.2,0.5563,21,9.63,88,0
1343,50.51,45.17,0.6176,21,12.95,108,0
1344,40.6,51.95,0.3844,15,6.79,71,0
1345,41.86,32.84,0.5224,16,12.89,66,0
1346,46.42,68.83,0.5995,22,15.32,85,0
1347,31.16,21.38,0.0,7,1.53,42,0
1348,14.92,38.98,0.1656,14,4.58,49,0
1349,43.39,43.18,0.3001,10,5.17,68,1
1350,49.15,44.92,0.5052,15,8.17,69,0
1351,51.05,50.92,0.2997,34,17.25,94,1
1352,93.71,73.49,1.0,28,14.98,131,0
1353,57.6,69.29,0.7246,21,14.51,91,1
1354,54.15,47.82,0.4829,22,10.98,78,1
1355,57.62,44.31,0.6144,12,6.92,47,1
1356,24.58,30.46,0.5339,11,3.42,57,1
1357,60.77,50.37,0.5834,28,6.31,89,0
1358,42.23,25.65,0.5371,12,6.19,83,1
1359,58.76,59.93,0.5776,15,2.74,84,0
1360,35.54,26.29,0.3204,7,8.32,60,0
1361,59.31,48.97,0.5563,28,18.24,117,1
1362,87.14,62.4,0.7239,37,16.57,147,0
1363,54.17,31.9,0.4095,17,5.32,76,1
1364,44.05,45.03,0.4453,26,9.68,94,1
1365,74.24,56.04,0.6304,31,11.38,117,0
1366,28.68,60.36,0.2513,24,5.34,45,0
1367,62.74,49.3,0.5639,21,13.48,82,1
1368,59.27,51.83,0.4989,11,12.48,100,1
1369,43.23,55.36,0.5342,17,6.92,98,1
1370,31.25,37.27,0.2932,12,9.08,62,0
1371,41.64,49.74,0.8126,19,14.68,58,0
1372,58.24,48.21,0.7356,23,17.7,94,1
1373,76.56,89.18,0.6658,36,24.4,115,1
1374,75.42,83.53,0.7151,33,11.13,114,0
1375,100.0,73.61,0.8698,37,27.09,132,1
1376,45.82,26.97,0.2451,18,5.87,42,0
1377,62.95,63.18,0.5405,28,11.71,75,0
1378,51.99,44.62,0.5799,22,11.71,104,0
1379,80.33,93.97,0.8698,41,17.01,140,1
1380,27.39,28.9,0.4351,14,7.96,58,0
1381,40.92,54.37,0.4314,22,2.68,55,0
1382,50.94,49.93,0.5175,9,6.89,46,1
1383,0.0,13.68,0.0,1,5.36,5,0
1384,34.75,49.78,0.4424,15,7.73,49,0
1385,34.61,46.29,0.4114,16,7.39,46,0
1386,55.25,47.63,0.4827,26,12.03,90,0
1387,50.36,48.81,0.4912,23,14.88,78,1
1388,90.92,84.47,1.0,29,12.54,162,1
1389,65.22,74.86,0.7128,31,15.56,124,0
1390,38.35,40.87,0.4482,18,6.89,75,1
1391,36.4,19.64,0.2381,5,6.91,51,0
1392,59.89,51.63,0.4765,24,15.15,117,1
1393,20.1,25.57,0.179,3,1.14,37,0
1394,85.75,82.29,0.8539,32,14.29,134,1
1395,72.88,88.98,0.6295,26,8.91,118,1
1396,37.66,29.08,0.4052,19,6.48,76,1
1397,13.67,23.71,0.0,7,7.14,38,0
1398,89.87,87.77,0.6588,26,15.05,113,1
1399,52.2,68.38,0.5442,23,5.52,69,0
1400,72.39,68.64,0.8079,24,13.49,127,1
1401,23.69,25.72,0.1419,9,0.0,43,0
1402,35.34,44.34,0.2783,12,4.23,56,1
1403,59.49,51.85,0.3983,19,11.19,56,0
1404,53.9,49.96,0.4721,22,6.67,78,1
1405,40.14,45.82,0.4744,18,11.54,76,0
1406,66.04,38.42,0.7174,30,12.28,126,0
1407,16.08,36.92,0.2368,11,5.99,30,0
1408,38.14,48.57,0.3562,20,8.6,69,1
1409,42.85,50.16,0.5508,19,12.8,78,0
1410,61.43,77.68,0.5205,25,14.41,116,1
1411,78.09,56.73,0.5905,27,13.85,101,1
1412,45.36,26.13,0.4076,11,7.2,33,0
1413,24.42,40.31,0.2759,1,3.23,42,0
1414,79.56,65.51,0.7713,32,16.74,112,1
1415,42.24,51.03,0.4393,24,10.32,72,1
1416,30.69,35.2,0.3714,11,7.01,44,1
1417,74.72,85.49,0.9165,27,15.38,153,1
1418,47.35,53.95,0.4856,27,9.09,89,0
1419,72.24,59.59,0.871,31,12.65,117,1
1420,47.57,46.43,0.6428,20,11.67,78,1
1421,75.38,81.63,1.0,32,22.17,146,0
1422,91.09,80.9,0.8816,31,20.53,137,0
1423,36.44,49.35,0.5089,23,5.23,77,0
1424,71.35,71.25,0.8357,28,17.75,111,0
1425,79.5,45.63,0.6738,23,11.63,112,1
1426,70.02,84.21,0.7236,33,17.28,121,1
1427,10.46,34.9,0.2622,9,3.42,36,0
1428,61.43,74.81,0.6611,31,13.17,91,1
1429,79.98,73.05,0.5826,34,15.17,82,0
1430,30.49,28.25,0.1339,4,0.0,58,0
1431,16.5,32.9,0.373,8,7.09,57,0
1432,13.19,25.41,0.0,1,5.88,6,0
1433,40.89,49.85,0.5996,12,8.4,68,0
1434,63.5,62.03,0.7557,20,16.95,92,0
1435,100.0,97.49,0.7545,33,15.44,148,1
1436,39.46,59.34,0.5692,19,12.85,61,0
1437,84.6,84.48,0.826,28,9.86,131,1
1438,26.14,13.67,0.347,8,11.74,37,1
1439,24.62,7.74,0.2576,8,7.67,41,0
1440,49.67,51.63,0.3489,22,8.92,77,0
1441,60.15,58.22,0.6355,15,5.62,65,1
1442,46.21,43.88,0.4729,19,10.73,75,1
1443,10.8,14.05,0.0948,1,0.0,5,0
1444,45.47,62.69,0.4094,23,10.98,79,0
1445,28.88,32.78,0.4139,13,6.02,62,0
1446,60.44,51.79,0.7379,22,9.85,74,1
1447,60.35,55.6,0.4993,20,14.83,79,1
1448,30.97,25.84,0.1786,11,8.66,44,0
1449,48.73,37.26,0.3587,7,10.87,59,1
1450,28.4,27.21,0.3316,13,5.79,59,0
1451,34.56,44.57,0.5115,18,5.5,76,1
1452,79.2,55.9,0.8163,32,16.75,115,1
1453,23.04,31.11,0.3818,8,5.25,41,0
1454,54.85,54.03,0.6978,22,7.85,99,0
1455,34.63,14.09,0.4266,10,11.94,76,1
1456,45.14,54.21,0.2025,10,13.13,45,0
1457,30.77,57.87,0.459,14,9.45,89,1
1458,54.4,27.98,0.399,16,12.34,50,0
1459,47.38,40.2,0.3841,13,8.06,79,1
1460,27.83,17.89,0.3107,11,4.07,41,0
1461,88.86,100.0,0.8611,34,15.97,145,1
1462,52.99,67.71,0.4041,15,15.05,80,1
1463,40.17,38.82,0.3477,14,4.86,58,1
1464,59.44,63.06,0.5737,24,13.06,90,0
1465,52.2,49.56,0.412,14,7.87,85,0
1466,46.3,33.99,0.4322,21,7.74,55,1
1467,60.7,57.35,0.5289,22,15.55,120,1
1468,63.94,64.82,0.7634,24,11.89,75,0
1469,37.83,36.36,0.3645,18,6.66,54,0
1470,47.55,37.67,0.5301,13,11.1,61,0
1471,49.25,44.23,0.5979,18,13.69,78,0
1472,0.0,7.84,0.0315,1,2.73,35,0
1473,24.94,23.2,0.0961,8,1.97,7,0
1474,78.9,65.06,0.5648,21,13.94,113,1
1475,82.75,73.16,0.6818,26,16.82,97,1
1476,41.91,33.96,0.3128,20,9.97,73,0
1477,70.52,69.18,0.7532,29,9.34,101,0
1478,63.81,36.65,0.5738,19,13.41,113,1
1479,100.0,100.0,1.0,44,22.57,174,1
1480,75.65,82.63,0.5019,30,9.33,129,1
1481,39.67,44.98,0.3546,22,6.7,85,1
1482,19.85,9.37,0.3976,4,4.67,45,1
1483,12.86,17.83,0.2074,4,3.36,11,0
1484,60.97,53.08,0.526,20,16.48,90,1
1485,42.5,27.29,0.4052,17,7.69,35,0
1486,25.66,19.76,0.3791,19,1.79,57,0
1487,42.87,52.13,0.3486,14,8.08,58,1
1488,32.5,36.52,0.2906,6,4.62,65,0
1489,78.61,72.05,0.8567,35,17.72,123,1
1490,71.09,51.49,0.9155,32,15.27,110,0
1491,56.24,46.91,0.2885,20,13.6,83,0
1492,85.63,74.72,0.8643,28,15.85,124,1
1493,61.06,55.86,0.504,24,15.23,76,0
1494,38.44,29.68,0.3844,16,9.28,60,0
1495,83.27,82.02,0.7389,28,13.97,112,0
1496,69.34,77.12,0.6029,26,18.79,78,0
1497,29.04,38.67,0.3637,16,6.83,68,0
1498,39.14,46.14,0.7732,23,6.73,85,1
1499,31.18,32.59,0.4057,13,11.46,55,0
1500,16.38,21.9,0.1386,8,10.7,63,0
1501,63.12,77.3,0.6429,32,13.61,104,0
1502,87.03,78.72,0.8365,30,16.13,157,1
1503,15.69,25.23,0.0407,11,3.89,41,0
1504,58.8,60.59,0.5796,19,14.4,82,1
1505,21.84,33.77,0.4432,19,11.23,88,1
1506,41.96,28.88,0.2752,15,9.76,80,1
1507,38.16,42.24,0.4864,20,7.94,60,0
1508,26.18,33.9,0.376,15,11.04,65,1
1509,56.24,55.38,0.4363,15,9.26,75,1
1510,40.88,30.24,0.3197,19,9.77,68,1
1511,42.55,65.86,0.7139,28,10.22,52,0
1512,42.89,41.2,0.5633,23,11.09,63,1
1513,39.07,61.11,0.4531,15,8.7,88,1
1514,24.33,17.94,0.2947,12,6.2,49,0
1515,45.1,43.53,0.3923,16,6.56,66,0
1516,63.56,67.88,0.5999,23,17.06,82,1
1517,57.9,51.86,0.3897,31,9.8,123,1
1518,14.42,36.22,0.5087,13,3.87,69,0
1519,57.07,63.3,0.5354,10,16.76,80,0
1520,55.11,43.57,0.6901,27,15.94,96,1
1521,17.09,24.48,0.1603,5,0.0,45,0
1522,63.09,37.34,0.5352,24,10.48,126,1
1523,47.63,29.38,0.3489,13,1.91,74,0
1524,50.94,74.93,0.4542,28,9.43,130,1
1525,10.58,31.03,0.5751,18,0.0,43,1
1526,15.37,6.95,0.0156,7,2.37,14,0
1527,31.85,18.92,0.0713,6,0.06,13,0
1528,60.87,69.48,0.4656,20,10.37,88,1
1529,56.87,38.19,0.6808,22,6.16,90,0
1530,27.98,24.26,0.3206,10,6.63,51,0
1531,69.23,74.97,0.5041,27,11.31,111,1
1532,8.98,36.81,0.2931,9,7.86,49,0
1533,52.49,47.88,0.5599,26,13.97,55,0
1534,29.82,17.05,0.3116,15,7.51,35,0
1535,45.44,57.13,0.4412,12,6.41,73,0
1536,73.03,65.2,0.7489,24,16.15,74,0
1537,35.93,40.62,0.5464,9,1.9,42,1
1538,38.24,35.77,0.3544,20,4.25,84,0
1539,69.92,67.67,0.8636,26,13.77,91,1
1540,24.31,38.17,0.4229,11,14.45,58,1
1541,61.16,68.02,0.717,28,12.74,110,1
1542,24.13,42.72,0.1048,1,4.93,38,1
1543,56.4,67.45,0.5889,17,7.79,108,0
1544,80.05,66.25,0.707,31,18.6,115,1
1545,0.0,17.9,0.0885,1,2.97,27,0
1546,43.03,38.47,0.4477,12,9.18,54,1
1547,61.54,66.57,0.408,18,10.42,107,1
1548,45.86,59.54,0.4572,15,7.07,85,0
1549,54.8,46.68,0.6864,25,7.61,82,0
1550,39.16,38.81,0.3605,17,7.84,31,1
1551,58.33,46.78,0.5902,21,7.11,88,1
1552,39.95,33.09,0.504,23,5.85,76,0
1553,68.09,74.14,0.7677,31,13.4,123,1
1554,52.66,77.18,0.5238,19,9.55,84,0
1555,45.99,39.52,0.4459,22,9.74,84,1
1556,35.21,42.3,0.3055,11,9.75,98,0
1557,36.44,46.99,0.4734,16,8.29,43,1
1558,48.34,43.32,0.4154,21,7.41,78,1
1559,59.99,56.08,0.565,26,12.13,83,1
1560,43.13,30.73,0.3734,22,5.34,62,0
1561,62.6,57.31,0.5274,21,11.47,84,0
1562,90.41,80.55,1.0,42,18.75,130,1
1563,70.55,45.97,0.6407,26,8.98,115,0
1564,42.65,54.88,0.3007,23,11.68,91,1
1565,76.15,80.25,0.8146,30,12.16,123,1
1566,37.18,43.12,0.3979,20,8.64,69,0
1567,0.0,15.38,0.0955,10,5.34,5,0
1568,28.76,41.52,0.4591,11,8.74,58,0
1569,23.97,18.34,0.1238,6,2.62,56,0
1570,50.38,51.81,0.4586,22,7.51,64,0
1571,58.09,47.65,0.3858,20,12.92,75,1
1572,93.42,91.98,0.8133,28,18.73,122,1
1573,57.25,58.77,0.6263,31,9.45,82,1
1574,47.2,47.8,0.3006,16,6.74,32,1
1575,61.65,53.5,0.686,27,7.1,111,1
1576,3.25,12.78,0.0679,7,1.62,5,0
1577,59.64,46.75,0.5513,19,10.69,63,1
1578,75.05,58.13,0.7579,22,16.49,114,1
1579,19.31,16.05,0.2377,9,5.16,19,0
1580,69.27,60.99,0.8766,22,18.58,109,1
1581,56.77,75.22,0.4683,22,9.26,112,1
1582,46.5,54.51,0.4305,18,11.75,46,0
1583,51.1,78.67,0.635,24,10.94,76,1
1584,77.04,79.87,0.8472,32,21.42,152,1
1585,49.23,53.91,0.632,28,6.35,103,1
1586,45.2,42.83,0.7821,22,11.7,64,0
1587,36.75,35.47,0.4064,22,2.21,72,0
1588,31.82,26.44,0.3805,12,5.8,63,0
1589,62.98,76.1,0.6745,23,14.64,74,1
1590,44.5,31.02,0.2574,14,5.01,66,0
1591,54.05,60.9,0.3322,20,7.13,95,0
1592,42.85,46.84,0.3339,11,10.63,61,0
1593,64.56,79.35,0.4566,30,11.61,113,1
1594,47.56,42.69,0.7371,20,9.87,107,1
1595,79.06,80.01,0.696,21,14.28,113,0
1596,39.19,51.14,0.3634,21,15.87,58,1
1597,49.97,36.38,0.5349,16,12.38,57,1
1598,21.85,41.45,0.1921,10,9.57,50,0
1599,28.68,45.03,0.3345,9,9.53,75,0
1600,64.09,54.74,0.5823,30,12.01,86,0
1601,68.15,56.21,0.7543,21,5.84,70,1
1602,24.34,26.93,0.3657,13,4.27,71,0
1603,60.43,84.1,0.6988,31,12.04,109,0
1604,86.12,74.41,0.7789,33,9.8,115,1
1605,48.75,64.48,0.6227,23,8.18,105,0
1606,100.0,76.66,0.8955,28,11.56,159,1
1607,27.32,29.05,0.2422,11,6.79,15,0
1608,30.21,37.33,0.2557,11,7.48,49,1
1609,11.8,5.84,0.0369,3,6.21,5,0
1610,84.75,73.19,0.8073,33,17.23,132,0
1611,58.73,62.08,0.5828,28,9.73,102,1
1612,47.59,50.0,0.7428,23,3.98,88,0
1613,55.93,53.43,0.552,17,5.85,81,0
1614,19.47,33.3,0.1345,20,1.69,18,0
1615,100.0,100.0,0.9757,43,17.12,147,1
1616,48.48,58.94,0.5778,21,10.04,90,1
1617,50.36,43.1,0.6892,25,7.4,99,1
1618,56.56,60.51,0.5862,35,13.92,84,1
1619,39.12,69.41,0.438,18,11.23,110,1
1620,52.95,62.08,0.6265,21,10.93,77,1
1621,53.49,23.42,0.2038,4,10.26,62,0
1622,65.71,61.65,0.5507,25,8.35,86,1
1623,87.49,66.07,0.8506,37,18.78,139,1
1624,74.81,74.64,0.7621,31,15.34,134,1
1625,82.04,95.76,0.8876,30,15.37,109,1
1626,44.15,32.27,0.3294,8,10.61,54,0
1627,20.76,24.68,0.2747,14,8.68,53,0
1628,56.4,54.61,0.4734,25,6.66,112,0
1629,56.84,37.12,0.5261,18,9.68,69,1
1630,77.63,64.0,0.7286,31,15.22,143,0
1631,19.66,24.9,0.2051,1,2.41,59,0
1632,80.75,71.82,0.8903,34,17.87,124,1
1633,52.22,45.03,0.5077,17,10.21,71,0
1634,46.2,49.01,0.46,14,13.79,57,0
1635,26.93,35.58,0.1394,9,1.36,49,0
1636,12.31,22.61,0.1741,5,3.01,9,0
1637,67.28,61.76,0.7126,28,10.57,104,1
1638,63.86,54.65,0.5876,15,12.11,105,1
1639,14.29,25.67,0.1728,8,0.0,32,1
1640,12.36,30.81,0.1751,9,5.86,38,0
1641,44.6,39.48,0.3754,13,6.77,44,1
1642,83.79,78.4,0.8874,41,14.47,136,0
1643,46.19,36.42,0.5515,15,4.62,76,1
1644,21.89,22.63,0.1586,5,2.59,36,0
1645,43.3,38.28,0.5416,14,12.27,69,0
1646,56.46,35.06,0.4578,25,8.83,67,0
1647,0.0,3.78,0.0,1,1.1,7,0
1648,42.29,50.94,0.468,16,14.78,78,0
1649,44.56,52.89,0.5285,23,9.87,78,0
1650,50.78,58.65,0.6718,26,11.11,104,0
1651,85.57,86.95,1.0,36,18.8,152,0
1652,85.82,75.24,0.6401,28,12.87,124,1
1653,44.79,49.16,0.498,15,7.41,75,1
1654,29.72,22.65,0.2258,12,1.01,70,0
1655,91.39,97.66,0.9277,38,23.07,164,1
1656,46.25,54.34,0.5108,28,9.08,101,1
1657,47.28,50.32,0.5165,15,10.6,90,1
1658,46.98,30.79,0.787,26,6.8,52,0
1659,64.21,55.01,0.5212,21,12.1,106,0
1660,51.57,67.31,0.3581,20,7.14,78,1
1661,29.64,36.43,0.4126,19,7.28,62,0
1662,41.03,33.6,0.1832,13,10.45,68,0
1663,53.33,52.77,0.4843,23,12.24,74,0
1664,48.25,43.03,0.3929,5,7.76,67,0
1665,48.39,47.9,0.4369,11,1.84,50,0
1666,44.01,40.59,0.6186,17,19.4,102,1
1667,38.41,51.99,0.3986,13,14.22,71,1
1668,70.02,82.39,0.7857,31,18.18,119,1
1669,0.0,1.0,0.0,1,0.0,5,0
1670,75.56,72.7,0.6055,32,14.03,117,0
1671,82.82,81.69,0.7802,31,13.35,120,1
1672,7.92,20.53,0.0,1,5.5,24,0
1673,40.59,33.54,0.39,19,9.42,54,0
1674,43.79,50.7,0.3262,18,6.16,45,1
1675,15.17,24.08,0.2735,12,2.96,47,1
1676,51.16,36.66,0.5246,17,10.25,79,1
1677,14.93,30.67,0.1477,11,10.36,31,1
1678,86.52,80.19,0.6652,30,21.59,156,1
1679,84.9,77.57,0.6746,25,16.01,112,1
1680,75.49,72.13,0.7559,28,14.33,118,1
1681,62.91,52.91,0.6662,25,3.16,96,0
1682,24.56,26.14,0.2296,12,6.38,25,0
1683,38.07,42.17,0.375,19,7.9,79,1
1684,70.77,69.87,0.6346,24,12.38,83,1
1685,7.86,33.43,0.3596,10,5.27,32,1
1686,76.53,55.18,0.4471,26,8.87,116,1
1687,33.8,68.04,0.415,16,10.71,45,1
1688,40.37,45.64,0.4464,13,10.4,46,0
1689,60.79,74.28,0.5504,19,14.89,101,1
1690,63.59,56.63,0.762,21,14.62,98,1
1691,30.0,48.3,0.3643,19,10.37,76,0
1692,76.88,78.42,0.7277,26,13.41,110,1
1693,44.57,41.5,0.3394,10,5.46,86,0
1694,51.41,70.6,0.5641,27,12.74,95,1
1695,63.38,68.53,0.434,27,12.7,94,1
1696,38.51,41.59,0.3952,13,11.76,59,0
1697,59.93,50.72,0.6682,27,13.24,92,1
1698,25.13,30.47,0.2161,15,11.23,52,1
1699,63.35,75.03,0.6002,23,20.32,126,1
1700,50.2,44.67,0.5556,15,9.5,52,0
1701,53.98,50.18,0.3624,21,0.0,61,0
1702,69.45,81.96,0.6588,28,17.91,118,0
1703,41.67,29.07,0.3741,5,5.56,68,0
1704,11.48,17.12,0.2954,3,1.96,38,0
1705,11.22,20.72,0.4268,7,2.58,41,0
1706,65.9,63.68,0.7039,20,11.08,86,0
1707,36.26,22.23,0.3599,8,6.72,65,0
1708,87.94,93.76,0.8004,34,12.34,148,0
1709,5.86,16.34,0.0,9,0.0,5,0
1710,83.92,80.89,0.8455,32,17.82,115,1
1711,44.22,40.88,0.5529,26,12.71,71,1
1712,52.9,36.42,0.3728,25,11.54,87,1
1713,46.16,42.72,0.3735,21,5.46,44,0
1714,54.37,37.99,0.6198,24,8.66,87,1
1715,45.49,58.44,0.5285,12,8.33,86,0
1716,74.19,68.44,0.7711,31,15.13,112,1
1717,48.79,81.24,0.5519,25,14.91,87,0
1718,52.48,73.48,0.4794,21,4.46,69,1
1719,59.53,41.82,0.3759,24,7.88,78,1
1720,46.88,48.02,0.3687,23,5.77,69,1
1721,53.29,64.5,0.74,25,6.27,84,1
1722,10.62,34.55,0.1593,11,6.06,32,0
1723,28.99,10.99,0.2079,11,6.24,41,0
1724,63.42,47.3,0.5558,16,14.32,103,1
1725,48.22,47.48,0.8277,19,13.45,74,1
1726,56.89,51.93,0.3559,23,7.82,70,1
1727,61.73,54.8,0.4608,17,8.78,81,1
1728,52.15,65.88,0.6111,22,17.95,70,0
1729,24.27,29.49,0.4521,12,7.1,57,0
1730,42.49,15.15,0.4401,21,9.09,62,1
1731,48.44,61.25,0.7199,28,10.8,67,0
1732,36.76,24.94,0.3549,9,0.54,68,0
1733,42.4,39.18,0.476,24,5.5,111,1
1734,23.09,20.66,0.1338,4,1.45,10,0
1735,60.89,75.66,0.7366,31,17.28,131,1
1736,65.3,57.41,0.8013,26,14.26,92,1
1737,55.23,50.49,0.4114,25,13.77,94,1
1738,62.02,66.25,0.8168,29,10.97,102,1
1739,80.05,76.64,0.8511,45,21.51,144,1
1740,75.78,56.13,0.7867,24,11.16,117,1
1741,14.03,10.43,0.1216,1,3.27,13,0
1742,29.08,31.66,0.1598,8,4.85,24,0
1743,53.32,41.65,0.4501,9,6.98,39,1
1744,38.01,51.98,0.5707,14,14.12,84,1
1745,73.29,50.36,0.7007,20,9.96,104,0
1746,36.32,35.3,0.3535,11,3.05,68,1
1747,46.55,33.77,0.4774,18,10.81,84,0
1748,24.25,38.01,0.193,16,5.78,40,0
1749,36.26,51.85,0.4596,13,17.69,51,0
1750,29.24,11.41,0.2611,8,6.4,55,0
1751,30.51,28.11,0.2188,16,5.08,45,1
1752,35.06,28.63,0.1758,6,1.42,42,0
1753,18.87,43.71,0.2581,11,0.46,35,0
1754,70.98,64.93,0.5624,30,11.14,117,0
1755,20.99,26.68,0.2284,5,6.55,45,0
1756,100.0,79.66,0.9131,32,24.81,175,0
1757,66.96,59.81,0.5574,25,15.34,106,0
1758,50.33,71.71,0.4631,23,11.43,78,0
1759,12.0,37.05,0.1656,21,5.6,52,0
1760,65.6,62.41,0.8423,26,13.61,93,1
1761,41.98,42.54,0.5101,19,6.14,41,0
1762,55.67,52.1,0.4465,20,15.64,71,0
1763,100.0,88.76,1.0,42,19.67,160,0
1764,39.51,55.68,0.5225,26,9.36,82,1
1765,78.43,72.72,0.849,21,7.95,117,1
1766,45.48,37.5,0.2775,16,6.6,54,1
1767,35.07,40.59,0.6022,28,12.37,93,0
1768,87.97,93.61,0.7994,35,13.88,134,1
1769,33.43,44.7,0.241,22,5.24,72,0
1770,85.6,77.65,0.9349,32,19.63,108,0
1771,66.94,71.76,0.7706,26,8.4,42,1
1772,34.85,35.4,0.6463,16,10.92,67,0
1773,57.24,54.35,0.5065,16,10.93,78,1
1774,69.72,60.67,0.7644,23,12.72,106,1
1775,53.74,45.25,0.5834,21,9.12,94,1
1776,9.91,25.98,0.2643,11,4.85,57,0
1777,40.89,20.43,0.2075,18,14.47,64,1
1778,35.86,34.49,0.3242,19,11.35,75,0
1779,53.84,29.98,0.4075,23,7.11,90,0
1780,66.11,60.4,0.632,24,15.89,104,1
1781,39.75,51.85,0.4714,26,9.76,78,1
1782,17.87,23.02,0.2988,9,8.78,56,0
1783,67.16,47.46,0.6787,23,13.94,75,0
1784,54.36,50.44,0.6821,24,3.61,103,1
1785,57.48,64.26,0.7738,27,9.23,74,1
1786,75.31,64.5,0.7577,27,17.16,115,1
1787,72.95,67.86,0.5451,31,13.79,108,0
1788,57.17,50.3,0.7282,19,8.77,119,1
1789,43.82,50.37,0.4255,15,7.82,54,1
1790,28.16,31.83,0.2588,9,0.0,21,0
1791,72.5,63.01,0.7433,23,11.45,105,0
1792,61.98,50.03,0.5872,20,17.46,91,0
1793,56.11,57.2,0.4047,26,13.5,91,1
1794,18.0,24.85,0.1528,7,11.46,27,0
1795,21.74,30.61,0.4161,11,8.32,39,0
1796,75.24,66.03,0.6937,34,17.3,130,0
1797,52.56,47.81,0.5,26,15.76,78,0
1798,74.84,64.18,0.7122,32,13.86,106,0
1799,55.77,41.57,0.5753,19,9.55,79,1
1800,38.57,41.39,0.5338,25,13.22,63,1
1801,77.18,54.39,0.6668,24,18.11,122,0
1802,31.69,26.31,0.3655,12,6.5,72,1
1803,48.85,40.77,0.605,11,8.22,117,0
1804,42.76,43.11,0.4629,23,8.57,51,1
1805,57.28,34.14,0.3874,13,10.76,79,0
1806,68.7,49.06,0.5464,17,11.16,51,1
1807,59.3,54.31,0.5315,18,6.62,89,0
1808,38.96,23.67,0.3191,19,13.82,80,0
1809,79.39,78.5,0.6753,29,13.1,87,1
1810,39.21,41.19,0.2232,8,5.63,50,0
1811,43.7,37.69,0.4354,20,6.54,66,1
1812,55.57,45.87,0.5354,11,16.34,56,1
1813,80.78,68.34,0.7089,28,16.51,129,1
1814,57.91,54.42,0.5582,13,8.23,103,1
1815,75.96,57.19,0.6407,23,16.72,109,0
1816,23.66,7.12,0.1769,9,6.37,39,1
1817,62.05,51.36,0.4024,14,10.51,90,0
1818,62.85,64.9,0.6559,21,16.08,107,1
1819,47.18,47.9,0.4971,21,7.85,66,0
1820,62.51,58.52,0.7671,26,12.78,129,1
1821,43.17,37.09,0.4189,24,1.9,69,0
1822,84.42,77.79,0.662,39,11.67,128,1
1823,99.64,90.98,1.0,35,24.62,137,1
1824,56.14,45.11,0.4485,19,13.47,62,1
1825,41.05,35.95,0.4307,19,8.42,64,0
1826,84.42,86.71,0.7898,29,20.8,101,1
1827,72.86,67.85,0.7641,27,15.84,102,1
1828,36.45,44.98,0.4172,16,7.18,55,0
1829,47.16,53.07,0.4635,16,8.49,75,0
1830,51.16,49.26,0.269,16,8.5,62,0
1831,20.76,23.98,0.1772,11,3.98,24,0
1832,31.05,28.71,0.2908,10,9.76,40,0
1833,17.77,41.25,0.3248,7,6.43,43,0
1834,31.79,23.37,0.4658,14,9.07,52,1
1835,56.43,40.64,0.4159,21,12.96,111,0
1836,59.29,50.64,0.497,17,12.1,103,1
1837,85.02,89.05,0.7588,36,13.29,142,1
1838,30.43,35.45,0.2202,5,1.95,68,0
1839,69.74,59.01,0.6621,26,14.38,95,1
1840,40.44,43.36,0.5343,17,8.63,55,0
1841,54.6,43.58,0.3847,17,10.06,62,0
1842,66.86,55.76,0.6777,23,12.65,120,1
1843,31.48,38.6,0.1053,19,13.26,38,0
1844,53.44,44.54,0.5203,20,7.54,73,1
1845,36.1,67.48,0.5003,31,4.7,79,1
1846,68.63,66.32,0.766,26,12.97,91,1
1847,51.95,65.02,0.5304,23,10.03,93,0
1848,92.2,90.03,0.7709,42,20.77,157,1
1849,42.79,37.17,0.1726,25,9.2,48,0
1850,36.24,27.54,0.3972,12,11.73,74,1
1851,46.02,34.06,0.4367,11,2.99,52,0
1852,43.83,44.44,0.4265,13,6.11,61,0
1853,42.72,50.19,0.3893,15,8.74,71,0
1854,62.85,61.44,0.854,23,17.07,106,1
1855,88.11,72.28,0.7301,31,22.26,114,0
1856,40.68,38.36,0.4753,22,10.58,72,1
1857,30.4,22.46,0.1703,14,6.5,42,1
1858,60.58,63.81,0.5038,23,9.21,88,1
1859,24.75,33.54,0.2089,13,6.1,72,0
1860,65.93,59.63,0.5991,29,10.75,130,1
1861,45.82,49.59,0.536,18,12.78,95,1
1862,8.86,15.61,0.2083,15,4.71,42,0
1863,68.77,77.79,0.8157,40,12.22,134,1
1864,94.82,80.39,0.7664,35,15.88,118,1
1865,32.71,35.62,0.3584,15,10.18,63,1
1866,54.52,36.47,0.2727,21,9.5,68,1
1867,51.43,58.02,0.6935,27,12.85,93,0
1868,43.03,70.9,0.5365,19,12.49,92,1
1869,54.24,63.11,0.5828,23,17.51,105,1
1870,100.0,95.15,1.0,31,18.75,136,1
1871,45.21,34.3,0.3404,20,8.13,76,0
1872,29.65,37.05,0.2278,16,4.06,38,0
1873,23.69,15.3,0.1145,4,5.23,34,0
1874,39.4,23.55,0.347,12,0.0,79,0
1875,58.28,42.75,0.5365,14,9.31,84,1
1876,97.48,93.03,0.9329,31,16.56,134,1
1877,36.77,49.23,0.6537,18,3.84,93,1
1878,43.87,56.22,0.3198,19,8.11,66,1
1879,46.36,35.91,0.5576,19,12.36,63,0
1880,75.85,69.62,0.682,23,15.45,141,1
1881,92.83,98.2,0.9467,41,20.41,156,1
1882,31.73,42.02,0.3318,16,8.8,60,0
1883,42.96,24.6,0.3112,13,8.32,47,0
1884,70.49,60.78,0.8773,28,17.91,118,0
1885,63.9,61.7,0.7206,26,13.1,109,1
1886,80.87,88.07,0.8717,32,13.01,119,1
1887,59.84,40.75,0.7519,19,17.23,95,1
1888,35.42,42.07,0.2769,24,9.67,64,1
1889,68.93,61.92,0.4851,22,10.59,102,1
1890,80.46,77.6,0.5039,28,10.67,96,0
1891,51.64,71.0,0.5942,31,14.47,123,1
1892,52.71,64.37,0.6176,38,11.68,109,1
1893,59.36,62.0,0.7236,24,18.99,107,1
1894,68.19,53.88,0.7488,31,13.64,112,1
1895,76.98,71.34,0.6353,28,13.02,119,1
1896,51.38,70.69,0.7101,23,15.28,88,1
1897,39.28,59.53,0.4905,16,12.11,68,0
1898,44.9,59.04,0.6026,17,11.09,80,0
1899,75.79,75.58,0.552,29,16.86,140,1
1900,34.22,38.71,0.3678,8,6.62,70,0
1901,51.6,51.63,0.455,27,12.18,105,0
1902,43.55,41.75,0.3816,17,11.92,74,0
1903,46.2,65.54,0.5592,22,11.99,64,1
1904,73.4,64.53,0.7648,28,14.61,118,0
1905,67.21,67.97,0.4531,20,14.82,100,0
1906,61.65,47.94,0.5099,22,3.09,63,1
1907,12.41,37.45,0.0749,4,10.72,49,1
1908,71.56,50.77,0.7643,25,7.87,137,0
1909,69.4,66.89,0.6086,22,10.7,115,1
1910,84.08,82.31,1.0,34,18.53,166,1
1911,50.39,31.72,0.3858,9,8.33,74,1
1912,66.69,55.91,0.4915,27,13.9,101,1
1913,46.01,63.57,0.4735,19,7.82,77,1
1914,74.21,70.79,0.9031,37,17.09,139,1
1915,56.24,34.79,0.41,24,7.88,87,1
1916,57.75,54.2,0.6203,17,12.0,93,1
1917,66.57,60.16,0.5833,21,12.24,118,0
1918,56.46,58.29,0.3397,32,11.03,78,0
1919,44.2,50.51,0.3537,23,6.56,64,0
1920,43.27,52.96,0.4209,21,9.25,87,1
1921,79.85,86.02,0.7181,30,15.16,97,1
1922,38.83,33.54,0.1757,9,8.73,53,0
1923,50.82,49.28,0.6192,23,8.74,58,1
1924,35.65,22.89,0.3509,12,4.59,75,1
1925,61.65,69.15,0.7212,21,16.62,117,1
1926,23.65,19.56,0.261,3,3.81,26,1
1927,43.4,48.58,0.4846,16,10.26,51,1
1928,57.05,60.95,0.5734,18,8.79,88,0
1929,90.31,67.57,0.736,32,10.92,137,1
1930,46.01,50.37,0.3095,15,8.14,86,0
1931,43.41,46.05,0.3204,12,5.48,53,0
1932,79.47,97.61,0.8145,38,17.29,124,0
1933,20.85,31.92,0.2211,9,2.3,46,0
1934,4.63,17.27,0.0257,2,3.43,5,0
1935,60.6,58.46,0.6568,27,10.9,94,1
1936,37.0,44.46,0.3383,18,8.44,67,1
1937,28.52,42.86,0.29,18,6.39,54,0
1938,70.78,50.76,0.7601,24,13.42,114,0
1939,51.38,51.24,0.5829,20,10.9,68,0
1940,25.87,32.89,0.3812,10,9.28,34,0
1941,38.39,30.37,0.1837,8,2.49,33,0
1942,78.5,76.78,0.6112,31,17.69,133,1
1943,52.67,56.33,0.545,30,11.89,130,1
1944,53.53,26.7,0.4261,23,5.67,104,0
1945,82.91,79.53,0.9449,28,17.95,133,1
1946,30.71,38.96,0.2638,16,3.17,21,0
1947,21.84,27.38,0.0599,1,5.89,5,1
1948,34.29,41.4,0.5384,18,13.86,50,0
1949,42.82,46.66,0.5229,18,7.46,76,1
1950,49.34,42.87,0.408,25,11.97,107,0
1951,37.85,50.3,0.4076,13,3.77,86,0
1952,50.39,48.83,0.5815,28,12.77,94,0
1953,24.43,47.13,0.4202,4,2.34,29,0
1954,73.15,81.12,0.6779,29,13.9,109,0
1955,53.81,43.3,0.5812,15,6.37,81,1
1956,84.24,64.61,0.8634,22,16.67,124,1
1957,52.21,55.33,0.5057,23,14.39,96,1
1958,61.05,56.07,0.5636,31,11.9,78,0
1959,65.39,70.31,0.5103,35,9.69,107,1
1960,62.73,59.74,0.5692,24,16.56,100,0
1961,63.46,54.98,0.6249,30,10.32,83,0
1962,82.52,90.94,0.8318,32,8.83,108,1
1963,57.79,53.98,0.6483,24,12.16,96,0
1964,54.28,69.68,0.567,24,9.52,98,1
1965,55.16,42.91,0.2853,20,12.61,101,0
1966,85.9,79.19,0.7859,34,14.62,131,1
1967,30.37,40.62,0.3941,12,9.11,52,0
1968,86.32,65.41,0.8851,34,21.41,134,1
1969,54.66,67.41,0.4593,19,6.21,80,1
1970,19.71,35.86,0.2263,12,2.58,26,0
1971,61.15,48.73,0.6772,17,10.29,70,1
1972,55.29,27.82,0.402,14,11.89,70,1
1973,60.52,68.26,0.6308,34,11.39,118,1
1974,25.9,39.03,0.3195,19,5.61,69,0
1975,43.51,45.17,0.3938,22,9.65,89,0
1976,17.98,17.71,0.2858,5,0.71,15,0
1977,39.11,46.41,0.3912,18,8.65,92,0
1978,13.15,19.4,0.0132,5,0.0,5,0
1979,7.61,26.6,0.135,14,10.31,17,0
1980,70.75,54.24,0.762,18,9.0,76,1
1981,60.87,76.41,0.8531,21,12.18,97,1
1982,72.26,72.42,0.6302,29,11.6,85,0
1983,46.6,60.96,0.3149,11,11.87,59,1
1984,42.91,39.03,0.4941,17,5.83,82,0
1985,45.53,52.12,0.2608,15,15.94,62,0
1986,33.71,10.41,0.3428,9,7.64,39,0
1987,76.97,82.04,0.8141,26,17.26,120,1
1988,67.18,60.86,0.7183,35,10.56,80,1
1989,45.78,63.33,0.3847,18,10.83,59,1
1990,35.18,43.51,0.4669,20,7.94,69,1
1991,54.06,38.55,0.5006,24,14.63,108,0
1992,3.65,9.01,0.1938,8,0.0,22,0
1993,41.11,27.77,0.4127,22,8.67,83,0
1994,47.91,44.48,0.5719,19,5.61,37,1
1995,19.92,13.39,0.3428,9,3.03,68,0
1996,50.88,45.2,0.3162,17,11.1,91,0
1997,83.72,63.66,0.8467,37,18.8,104,1
1998,60.58,58.65,0.563,23,16.19,89,1
1999,44.9,54.51,0.1663,15,2.38,70,1
2000,64.17,63.55,0.7745,26,15.48,107,1
2001,82.55,67.42,0.8502,34,23.11,112,1
2002,76.24,66.36,0.7382,20,12.34,103,1
2003,48.54,51.24,0.5285,23,15.92,73,1
2004,32.16,42.61,0.2324,14,6.62,62,1
2005,55.28,50.27,0.5913,28,8.68,119,1
2006,51.27,62.42,0.6629,26,10.66,80,1
2007,91.5,41.77,0.5739,34,16.73,122,1
2008,72.66,55.76,0.3739,30,10.03,87,1
2009,60.18,64.5,0.6872,34,12.4,99,1
2010,28.72,46.07,0.3788,21,9.64,76,0
2011,80.2,73.92,0.777,32,15.28,133,1
2012,58.33,40.91,0.6124,22,12.54,99,0
2013,95.9,78.49,0.9788,40,19.01,123,1
2014,34.18,39.38,0.388,17,8.68,52,1
2015,83.72,80.54,0.9667,33,15.65,144,1
2016,56.58,48.35,0.3877,23,11.49,87,1
2017,37.66,33.95,0.4202,15,4.61,44,1
2018,22.57,47.56,0.4659,13,11.93,72,1
2019,41.75,39.57,0.312,23,6.82,60,0
2020,51.67,56.84,0.4345,24,15.08,120,1
2021,61.86,78.94,0.53,32,11.39,119,0
2022,62.41,26.86,0.3191,9,8.31,72,0
2023,52.45,32.9,0.5705,18,8.42,100,1
2024,90.34,95.61,0.867,37,15.52,145,1
2025,91.93,74.99,0.7599,38,11.68,143,1
2026,62.59,54.99,0.5261,25,8.58,115,1
2027,54.12,43.65,0.6195,22,9.18,85,1
2028,57.26,49.82,0.5253,16,11.12,80,1
2029,78.72,75.43,0.6048,20,15.49,73,1
2030,20.5,38.81,0.2844,13,4.57,48,0
2031,48.64,53.13,0.5777,12,6.32,85,1
2032,9.22,7.22,0.0914,5,0.0,44,0
2033,62.43,46.83,0.7114,25,13.04,100,1
2034,55.59,36.1,0.6505,21,16.74,91,0
2035,37.0,34.02,0.3873,23,11.87,36,0
2036,79.12,86.94,1.0,37,18.43,120,1
2037,33.29,32.59,0.1493,4,7.01,39,0
2038,28.06,21.65,0.1718,5,9.24,31,0
2039,44.52,53.84,0.4216,13,11.89,96,1
2040,71.38,62.65,0.8047,25,16.13,141,0
2041,78.0,82.15,1.0,37,15.77,132,0
2042,30.75,48.63,0.5752,15,4.08,63,1
2043,69.84,54.87,0.8381,30,12.26,108,1
2044,46.76,52.0,0.4725,14,9.82,81,1
2045,65.96,55.28,0.429,22,9.49,62,1
2046,71.14,62.17,0.5096,25,19.31,108,1
2047,52.03,68.05,0.8341,25,12.85,106,1
2048,13.95,46.96,0.2316,7,7.23,36,0
2049,87.7,75.64,0.7461,27,14.6,131,1
2050,94.31,78.38,0.9088,26,14.59,128,1
2051,24.8,32.1,0.2776,19,3.51,35,1
2052,42.88,58.76,0.6198,25,9.36,101,1
2053,74.85,63.03,0.5815,28,13.56,85,0
2054,58.33,56.45,0.616,23,11.07,71,1
2055,32.05,30.92,0.3836,16,10.63,47,0
2056,40.84,39.77,0.2206,8,7.86,66,0
2057,28.4,62.7,0.5024,19,8.84,76,0
2058,73.48,75.15,0.8394,29,21.14,90,1
2059,63.49,68.44,0.6058,32,11.89,103,0
2060,49.98,41.2,0.5034,20,12.01,47,0
2061,57.32,70.64,0.5498,32,11.88,105,1
2062,0.0,1.24,0.0,1,0.73,5,0
2063,65.57,62.12,0.6673,26,17.38,128,0
2064,17.25,21.55,0.2268,7,3.67,55,0
2065,35.59,34.55,0.4307,18,1.49,49,0
2066,24.34,24.15,0.3451,7,5.58,46,0
2067,16.14,28.4,0.3498,8,8.51,37,0
2068,78.43,73.57,0.8013,28,16.23,121,1
2069,47.51,30.88,0.4338,23,9.47,69,0
2070,55.05,65.72,0.4695,14,6.22,85,1
2071,49.37,54.3,0.4903,24,7.65,72,0
2072,47.95,52.24,0.5421,20,13.14,78,0
2073,49.14,37.54,0.481,15,11.54,97,0
2074,23.94,25.6,0.2059,14,8.51,48,0
2075,90.89,63.92,0.6013,31,13.55,124,1
2076,31.23,42.13,0.2055,21,9.24,61,1
2077,30.58,18.71,0.1219,11,3.82,23,0
2078,49.41,24.23,0.4337,25,5.33,51,0
2079,82.26,73.52,0.6653,34,9.24,130,1
2080,81.07,62.55,0.6716,26,14.69,90,1
2081,46.0,49.43,0.6203,19,9.13,97,0
2082,46.13,37.43,0.5325,22,6.75,50,0
2083,43.14,59.32,0.6,14,3.86,74,0
2084,100.0,70.18,0.9545,34,20.2,166,1
2085,66.41,68.68,0.6931,22,10.73,100,1
2086,53.6,55.72,0.5136,15,13.39,96,1
2087,60.05,76.28,0.6416,29,19.71,96,1
2088,53.15,55.02,0.2738,14,4.53,66,0
2089,38.42,55.59,0.5668,18,6.87,84,1
2090,45.56,42.98,0.6148,22,8.59,97,0
2091,58.47,38.82,0.4304,18,14.08,71,0
2092,45.6,62.11,0.4672,26,4.94,62,0
2093,64.21,62.08,0.5701,20,18.72,65,0
2094,51.5,52.93,0.5487,25,10.62,67,1
2095,71.44,74.3,0.759,29,12.64,100,0
2096,30.41,39.26,0.3096,12,9.08,102,1
2097,46.72,56.77,0.5567,31,9.01,92,1
2098,11.73,8.72,0.0727,4,5.15,25,0
2099,77.93,65.3,0.6946,24,10.46,101,1
2100,52.99,56.89,0.6152,17,12.42,82,0
2101,54.95,54.46,0.6808,27,12.84,131,1
2102,0.0,0.0,0.0,1,0.0,5,1
2103,86.68,99.75,0.8963,37,26.11,111,1
2104,37.69,55.46,0.5691,18,10.7,66,0
2105,67.17,69.38,0.7635,31,16.27,100,0
2106,27.73,33.47,0.3141,10,9.25,41,0
2107,57.42,58.38,0.4955,17,8.19,107,1
2108,11.29,43.25,0.2515,11,11.04,47,0
2109,44.7,36.97,0.4651,6,0.0,60,0
2110,98.48,86.54,0.8866,37,15.35,157,1
2111,51.4,56.88,0.5278,15,7.86,64,0
2112,45.25,46.92,0.7201,22,12.61,114,0
2113,65.79,79.69,0.7779,32,14.14,96,1
2114,59.86,45.15,0.6085,20,11.48,96,1
2115,57.8,67.37,0.479,25,10.57,80,0
2116,62.65,53.22,0.3176,21,8.53,93,1
2117,92.19,91.08,0.9638,46,15.12,159,0
2118,49.5,31.95,0.4559,18,11.95,85,0
2119,57.68,49.53,0.5793,18,12.89,75,0
2120,82.66,59.55,0.6947,31,18.96,95,1
2121,77.75,64.43,0.6891,27,12.05,151,1
2122,80.05,70.13,0.5595,26,16.83,108,1
2123,63.45,70.12,0.5337,23,11.7,110,0
2124,38.42,31.29,0.3191,11,9.0,22,1
2125,85.95,82.17,0.9983,38,19.6,125,1
2126,20.18,19.51,0.261,3,6.05,44,1
2127,67.28,47.52,0.5933,23,10.19,96,0
2128,40.5,52.61,0.4444,16,9.87,17,0
2129,45.17,42.23,0.4061,20,11.68,81,1
2130,52.74,70.82,0.6024,28,9.26,73,0
2131,58.8,53.6,0.4902,22,7.3,95,0
2132,62.14,57.62,0.6709,23,10.82,77,1
2133,83.85,88.68,0.8379,35,21.0,116,1
2134,61.56,69.61,0.6206,24,15.25,90,1
2135,58.72,44.61,0.3729,16,5.69,57,0
2136,77.85,63.86,0.7635,30,10.35,102,1
2137,75.31,70.91,0.9464,27,18.58,98,1
2138,32.98,30.94,0.1537,8,1.68,16,0
2139,53.69,68.77,0.5855,23,13.92,113,1
2140,67.21,62.66,0.6634,31,10.96,82,0
2141,58.52,50.21,0.5191,5,13.66,68,1
2142,75.77,89.51,0.7192,33,13.19,133,1
2143,40.22,50.73,0.1867,19,12.83,66,0
2144,47.29,55.07,0.661,14,11.06,71,1
2145,37.82,33.21,0.5414,20,10.06,78,0
2146,44.03,26.6,0.3288,22,4.15,97,0
2147,25.11,33.76,0.22,14,0.0,30,0
2148,9.95,23.23,0.3688,1,3.58,35,0
2149,82.02,74.07,0.9637,38,17.12,102,1
2150,40.28,36.95,0.4245,10,3.24,49,0
2151,22.91,31.61,0.2841,15,2.77,51,0
2152,19.09,21.39,0.0776,6,3.07,5,0
2153,41.31,39.27,0.3591,11,9.13,54,1
2154,31.78,19.46,0.3482,12,4.29,19,1
2155,77.58,88.47,0.7408,32,18.91,130,1
2156,77.03,66.22,0.6214,20,10.52,126,1
2157,27.5,42.35,0.4634,19,6.18,43,0
2158,100.0,86.25,0.9461,35,23.95,138,1
2159,71.01,61.82,0.8342,24,14.13,117,1
2160,47.93,44.91,0.3679,16,9.08,88,1
2161,0.0,5.13,0.0,1,6.92,5,0
2162,88.66,95.56,0.8659,38,14.97,146,1
2163,26.99,22.57,0.2228,11,6.83,43,0
2164,9.51,3.86,0.0231,1,8.41,29,0
2165,74.16,64.51,0.6558,25,13.12,74,1
2166,87.86,100.0,0.8443,39,22.34,161,1
2167,84.47,72.24,0.8462,39,12.59,144,0
2168,51.42,57.93,0.6844,24,10.2,99,0
2169,66.31,69.58,0.4459,29,13.53,82,1
2170,72.07,58.95,0.8041,27,15.81,98,0
2171,59.6,49.78,0.9015,24,16.4,129,1
2172,60.28,53.62,0.5608,21,15.83,102,1
2173,54.17,47.52,0.4567,20,10.21,93,0
2174,44.44,40.18,0.7699,22,13.33,83,0
2175,26.85,34.85,0.2173,19,5.96,47,1
2176,28.69,49.37,0.4459,19,11.58,69,1
2177,18.94,19.44,0.1794,11,3.85,28,1
2178,35.51,50.99,0.6148,15,10.94,85,0
2179,30.99,48.53,0.3383,10,7.32,73,1
2180,25.82,27.05,0.2294,8,0.77,64,0
2181,59.03,55.74,0.4409,23,7.35,64,1
2182,75.42,70.47,0.7442,30,15.88,125,1
2183,65.73,58.91,0.583,30,8.61,119,1
2184,24.44,16.47,0.1907,4,6.21,42,0
2185,32.89,27.88,0.2457,12,8.66,41,1
2186,71.34,70.17,0.5388,30,14.74,152,1
2187,34.1,53.46,0.429,4,2.71,31,0
2188,33.22,39.51,0.4053,27,13.24,57,0
2189,67.06,56.15,0.4832,23,18.31,100,1
2190,35.53,32.0,0.2895,4,6.57,83,1
2191,43.97,55.46,0.5279,21,11.95,71,0
2192,21.37,28.36,0.0585,9,5.27,36,0
2193,37.66,50.73,0.4129,15,9.19,78,0
2194,55.32,33.92,0.4592,27,10.92,89,1
2195,20.81,0.0,0.3525,10,3.52,27,0
2196,70.26,53.47,0.6405,25,14.48,102,1
2197,58.26,59.52,0.4561,22,16.96,83,0
2198,50.55,45.85,0.536,24,8.01,112,0
2199,59.45,26.96,0.5343,29,10.58,106,1
2200,87.91,79.7,0.8341,25,11.92,126,1
2201,55.6,54.45,0.5225,22,15.28,88,1
2202,50.14,32.46,0.3924,17,6.52,70,0
2203,68.54,43.33,0.5303,24,6.16,91,0
2204,69.06,51.05,0.5483,21,14.09,97,1
2205,52.97,51.87,0.4755,13,15.43,81,0
2206,59.17,45.09,0.2995,21,12.15,99,0
2207,37.12,41.81,0.457,16,7.81,82,0
2208,36.93,12.38,0.3973,21,8.58,37,0
2209,19.14,17.04,0.1421,4,8.63,38,1
2210,97.5,71.36,1.0,39,14.38,122,1
2211,18.58,25.3,0.2599,20,4.69,38,0
2212,48.4,32.69,0.2578,13,5.87,65,1
2213,39.63,44.25,0.442,9,3.62,68,0
2214,56.7,49.37,0.7188,26,12.59,105,1
2215,47.04,45.1,0.4805,18,12.14,42,0
2216,58.15,77.48,0.707,32,16.69,103,1
2217,41.53,54.59,0.4104,12,9.24,73,0
2218,62.66,50.69,0.5296,28,11.56,47,0
2219,28.55,37.88,0.3885,9,8.23,73,0
2220,93.89,72.38,0.7385,30,16.18,152,1
2221,41.88,7.1,0.2191,15,4.32,64,0
2222,52.15,63.18,0.7342,13,11.82,86,1
2223,54.2,61.36,0.55,24,13.37,68,1
2224,70.13,68.05,0.5224,36,12.62,99,1
2225,61.99,34.3,0.4181,18,8.84,94,0
2226,47.43,52.34,0.3526,14,8.35,90,1
2227,58.97,67.61,0.2879,20,19.65,71,0
2228,57.79,51.13,0.4475,19,12.13,77,0
2229,63.34,69.84,0.7064,28,15.09,101,1
2230,90.33,89.87,0.9369,40,18.14,134,1
2231,48.7,25.83,0.374,11,6.42,78,0
2232,36.08,37.54,0.2303,16,4.13,21,1
2233,52.74,42.91,0.5846,20,10.53,64,0
2234,94.56,100.0,0.9969,44,14.68,141,1
2235,49.82,21.47,0.2819,11,2.08,34,0
2236,78.53,68.89,0.7997,38,14.65,131,1
2237,80.87,93.11,0.8935,32,17.33,148,1
2238,41.67,36.91,0.5305,17,7.07,61,0
2239,73.81,73.32,0.551,21,16.71,74,1
2240,89.4,78.61,0.8356,29,12.07,141,1
2241,45.74,26.6,0.458,20,6.23,94,0
2242,49.63,54.36,0.36,17,13.75,64,1
2243,38.71,34.22,0.3857,12,8.07,55,0
2244,34.17,38.02,0.1505,9,8.6,57,0
2245,16.78,38.54,0.1932,18,13.56,85,0
2246,23.15,14.08,0.2919,8,3.02,35,0
2247,52.61,52.09,0.4684,20,9.84,61,1
2248,25.39,55.91,0.3662,14,6.1,66,1
2249,57.77,58.65,0.545,14,5.07,99,0
2250,17.25,21.48,0.0912,2,2.85,33,0
2251,70.66,65.63,0.5617,24,13.97,82,1
2252,79.25,66.9,0.5434,24,14.96,120,1
2253,6.4,16.0,0.2404,8,3.88,28,0
2254,56.27,46.91,0.4392,27,10.37,80,1
2255,73.96,74.2,0.726,33,12.94,118,1
2256,22.19,37.55,0.1538,18,8.97,23,1
2257,85.01,72.58,0.8916,33,15.2,140,1
2258,52.31,70.36,0.5507,26,12.56,89,1
2259,26.85,36.48,0.3071,12,7.67,52,0
2260,53.87,41.01,0.5742,29,14.16,78,0
2261,66.2,69.03,0.6146,32,15.15,97,1
2262,45.09,48.79,0.5669,21,6.42,96,1
2263,67.94,66.53,0.5096,26,8.59,105,0
2264,26.53,30.8,0.1754,18,8.05,50,0
2265,55.41,52.51,0.5446,21,10.48,97,0
2266,28.29,29.0,0.1854,6,2.98,44,0
2267,47.51,50.62,0.5404,23,12.6,70,1
2268,35.56,15.77,0.3112,13,6.95,51,0
2269,31.16,26.67,0.3734,15,7.22,56,0
2270,73.15,80.61,0.5849,27,17.28,125,0
2271,70.18,68.45,0.9071,22,13.24,107,1
2272,56.21,56.25,0.6054,26,17.14,92,1
2273,26.74,18.11,0.3513,15,3.27,77,0
2274,31.28,34.59,0.3531,17,10.71,85,0
2275,70.33,53.64,0.7734,35,19.15,105,1
2276,50.56,51.64,0.3981,18,6.43,93,1
2277,94.34,86.36,1.0,34,18.25,151,1
2278,55.93,48.38,0.5431,23,15.0,98,1
2279,53.35,52.84,0.5413,21,14.24,88,1
2280,47.65,47.71,0.508,21,8.25,89,0
2281,59.67,71.24,0.4035,18,8.33,89,0
2282,41.75,33.65,0.4011,24,12.26,74,1
2283,54.54,73.18,0.6874,34,16.38,117,0
2284,60.8,75.98,0.9012,27,10.33,112,1
2285,30.38,28.84,0.329,19,3.24,58,0
2286,20.56,27.87,0.2929,5,5.35,45,1
2287,7.12,12.83,0.1221,10,4.54,24,0
2288,49.79,60.82,0.7958,28,11.13,95,0
2289,24.28,43.72,0.1046,15,7.62,38,0
2290,8.39,16.7,0.0789,3,0.0,5,0
2291,62.53,61.57,0.4152,11,5.21,77,1
2292,95.4,91.0,0.7479,37,18.7,134,1
2293,46.57,36.53,0.5285,17,10.17,67,0
2294,59.36,63.22,0.6816,23,12.53,103,0
2295,51.39,62.33,0.4879,21,6.85,84,1
2296,41.23,34.48,0.4696,18,4.16,73,0
2297,72.97,57.05,0.9936,24,12.13,72,1
2298,29.91,45.91,0.4161,13,11.53,95,1
2299,52.47,45.95,0.6045,19,14.84,104,1
2300,58.84,48.66,0.4994,27,14.85,96,1
2301,38.11,34.16,0.3959,12,4.88,89,0
2302,91.39,55.57,0.6746,26,10.51,95,0
2303,49.3,38.08,0.424,17,10.79,103,0
2304,26.85,42.73,0.5307,15,8.88,43,0
2305,59.97,47.89,0.725,26,13.35,100,1
2306,17.82,19.45,0.334,1,0.36,34,0
2307,49.92,44.84,0.2752,24,7.51,81,1
2308,43.15,56.42,0.4621,26,9.87,86,0
2309,79.04,67.77,0.9875,24,15.81,110,1
2310,55.1,54.36,0.5719,20,14.2,105,0
2311,48.57,49.95,0.6053,18,10.33,81,0
2312,61.27,49.01,0.8077,24,14.26,97,0
2313,91.71,79.48,0.7999,32,15.82,113,1
2314,58.59,63.49,0.5274,17,14.29,109,1
2315,64.87,46.5,0.2585,16,10.98,71,0
2316,30.28,35.44,0.306,16,4.95,54,0
2317,32.55,20.68,0.2055,8,4.93,66,0
2318,46.85,54.66,0.4566,23,9.02,46,1
2319,40.96,40.42,0.2531,17,9.02,79,0
2320,30.84,43.61,0.4361,11,10.05,105,0
2321,48.9,50.84,0.5147,23,11.37,85,1
2322,67.36,58.57,0.6328,24,16.15,105,1
2323,48.2,59.71,0.3744,18,10.51,93,1
2324,48.49,49.07,0.717,25,10.0,90,1
2325,50.87,44.3,0.4532,22,12.91,85,0
2326,24.12,23.77,0.0,7,0.0,5,0
2327,41.19,27.73,0.3012,17,3.0,54,0
2328,46.62,55.51,0.4746,20,10.43,83,0
2329,33.42,43.52,0.2741,5,6.71,51,0
2330,59.07,57.18,0.7562,23,8.66,114,0
2331,66.98,83.69,0.7825,44,14.97,114,1
2332,66.98,61.55,0.7318,33,13.06,109,1
2333,58.23,52.95,0.347,28,7.69,102,1
2334,77.62,78.63,0.8802,38,18.79,122,1
2335,51.03,56.93,0.5482,22,12.71,87,0
2336,40.86,38.12,0.3906,19,8.59,69,0
2337,52.97,24.01,0.1869,15,5.91,49,0
2338,56.96,49.08,0.5839,11,4.74,95,0
2339,59.99,24.44,0.2996,17,12.71,60,0
2340,52.14,50.21,0.475,26,12.46,68,0
2341,55.58,61.36,0.5679,19,8.52,78,0
2342,37.93,51.78,0.381,22,12.17,50,1
2343,70.55,75.4,0.438,27,11.54,83,0
2344,64.47,80.66,0.5257,26,13.9,101,1
2345,70.73,61.21,0.762,26,15.1,118,0
2346,11.52,23.52,0.1485,4,1.84,25,0
2347,0.0,3.6,0.2819,1,0.0,17,0
2348,61.99,52.58,0.5874,22,14.1,129,1
2349,17.8,16.93,0.1345,5,3.03,51,0
2350,41.19,40.91,0.3985,24,11.11,70,0
2351,22.21,10.61,0.2903,7,10.93,47,0
2352,20.63,17.99,0.0926,6,0.53,5,0
2353,51.99,57.5,0.6695,22,7.17,94,0
2354,66.95,48.61,0.554,31,7.03,90,1
2355,48.21,43.26,0.2465,21,7.24,73,1
2356,0.0,9.8,0.0,3,0.0,41,0
2357,33.33,42.21,0.1684,17,8.44,71,0
2358,55.99,54.14,0.5266,22,11.97,62,0
2359,29.86,28.7,0.1741,3,0.0,30,0
2360,55.22,59.42,0.4735,29,5.29,87,1
2361,45.44,52.49,0.6213,17,10.83,81,1
2362,65.46,53.01,0.7387,27,12.72,86,1
2363,43.57,54.64,0.4904,25,9.2,87,1
2364,35.99,43.24,0.126,10,1.14,32,0
2365,77.2,66.17,0.6826,34,16.2,102,1
2366,44.37,66.03,0.4083,22,13.18,85,1
2367,42.75,44.78,0.4288,27,10.72,64,0
2368,24.24,33.49,0.2436,11,3.72,60,0
2369,45.41,35.97,0.346,11,8.36,46,1
2370,42.14,36.08,0.2844,11,2.36,80,0
2371,41.44,31.21,0.4019,19,12.48,63,1
2372,87.9,75.9,0.8632,34,17.09,128,1
2373,5.87,15.48,0.2617,7,0.0,44,0
2374,13.05,22.17,0.0862,1,2.64,23,0
2375,79.17,85.43,0.9213,34,17.27,126,1
2376,38.54,52.05,0.3601,26,8.16,82,0
2377,29.13,16.61,0.2044,17,6.5,74,0
2378,65.46,87.1,0.7461,31,10.49,123,1
2379,40.23,41.76,0.2971,17,9.28,59,0
2380,85.02,75.88,0.8973,36,15.36,133,1
2381,45.65,63.62,0.3952,29,6.24,136,0
2382,23.28,42.8,0.5417,18,6.93,80,1
2383,88.29,82.83,0.9987,36,21.57,131,1
2384,41.55,40.88,0.2288,12,6.42,63,0
2385,42.86,57.89,0.5005,25,18.18,97,0
2386,51.99,51.75,0.7271,24,12.48,87,1
2387,71.82,67.25,0.6866,29,16.22,101,0
2388,92.34,65.21,0.7289,34,15.86,121,1
2389,47.56,51.89,0.2798,22,9.92,108,0
2390,38.0,41.71,0.3142,17,6.2,66,0
2391,60.33,62.91,0.5692,29,10.93,56,1
2392,19.4,45.18,0.436,15,8.88,78,1
2393,96.41,89.16,0.7628,31,15.25,157,1
2394,54.45,47.66,0.3753,20,7.32,79,1
2395,46.76,50.98,0.472,17,5.17,80,1
2396,85.1,41.11,0.6376,14,16.88,73,0
2397,6.38,17.65,0.0735,15,6.2,33,0
2398,44.37,23.83,0.4138,13,7.03,73,1
2399,71.71,81.33,0.7438,31,11.63,112,1
2400,39.16,46.66,0.4778,20,9.24,32,0
2401,28.7,35.54,0.2836,9,5.46,48,0
2402,57.34,69.31,0.3551,27,12.79,95,1
2403,69.16,63.43,0.7219,29,11.81,134,1
2404,67.02,66.08,0.7498,25,13.36,102,1
2405,57.78,66.8,0.6098,25,12.71,104,1
2406,40.87,44.0,0.3098,21,4.68,73,1
2407,18.23,23.37,0.198,7,6.52,39,0
2408,70.99,73.56,0.5103,35,11.39,114,1
2409,39.95,49.06,0.6026,10,10.4,88,0
2410,55.04,53.37,0.3597,23,11.05,75,1
2411,72.28,67.89,0.8162,35,12.67,120,1
2412,63.99,59.46,0.6026,25,9.76,99,1
2413,53.27,48.68,0.7169,23,11.15,78,0
2414,99.36,66.49,0.9736,39,19.51,137,1
2415,42.61,40.22,0.3478,24,6.97,61,1
2416,83.35,72.18,0.5962,20,15.01,105,1
2417,49.74,53.38,0.5912,24,15.52,101,0
2418,60.72,37.29,0.3664,19,9.55,91,1
2419,81.35,74.35,0.8703,32,10.97,139,1
2420,70.52,39.18,0.4917,23,14.51,95,1
2421,55.02,72.02,0.7329,23,17.2,112,0
2422,77.41,59.53,0.7306,29,15.47,118,0
2423,41.14,54.73,0.4914,13,5.28,69,0
2424,32.7,43.41,0.3404,17,6.27,55,0
2425,29.84,23.09,0.1158,4,2.47,34,0
2426,12.69,4.41,0.0207,6,4.06,29,0
2427,90.19,90.17,0.9785,35,14.17,141,0
2428,29.65,22.54,0.296,6,4.69,39,1
2429,58.2,46.94,0.5738,19,6.1,90,1
2430,52.35,40.67,0.485,12,9.27,53,0
2431,63.1,39.5,0.4648,23,10.13,83,1
2432,62.67,44.61,0.5835,21,13.79,120,1
2433,60.1,67.53,0.6824,29,13.51,111,1
2434,45.98,34.45,0.152,12,4.71,62,0
2435,53.67,42.01,0.6339,17,11.21,79,0
2436,67.43,61.35,0.6007,23,10.98,91,1
2437,40.19,56.08,0.573,15,6.04,50,0
2438,80.31,76.48,0.6634,33,23.15,123,1
2439,46.7,55.77,0.7227,18,13.39,119,0
2440,61.56,67.73,0.8701,28,12.48,92,1
2441,71.23,49.72,0.5005,32,16.9,95,1
2442,69.74,73.13,0.8118,41,20.22,107,1
2443,58.74,58.23,0.5363,22,10.29,84,1
2444,22.54,32.78,0.0862,13,5.85,32,0
2445,60.59,39.76,0.6292,16,8.63,99,1
2446,27.79,31.42,0.4531,21,6.95,63,0
2447,40.11,32.58,0.3342,19,7.29,76,1
2448,37.8,61.45,0.7339,23,12.9,82,1
2449,73.27,76.62,0.581,35,15.95,112,1
2450,37.38,63.85,0.3548,19,11.76,77,0
2451,65.82,51.1,0.5754,21,11.95,96,1
2452,90.26,76.16,0.843,36,13.18,119,1
2453,58.55,64.68,0.4765,18,8.15,101,1
2454,100.0,99.5,1.0,45,18.77,176,1
2455,53.72,71.59,0.6662,20,11.42,82,0
2456,28.76,20.9,0.2337,2,6.11,20,1
2457,72.52,53.15,0.6384,22,9.52,95,1
2458,55.73,44.86,0.6365,26,10.45,131,0
2459,84.88,59.25,0.7134,28,18.02,112,1
2460,54.61,68.08,0.84,20,11.79,125,1
2461,40.63,58.21,0.3911,16,10.83,57,0
2462,20.65,44.61,0.4657,10,4.68,28,0
2463,41.59,53.83,0.4617,14,9.93,63,0
2464,24.54,45.16,0.1923,9,5.91,42,0
2465,48.17,34.33,0.5207,24,9.68,59,1
2466,59.7,50.19,0.6303,21,7.72,87,1
2467,86.22,87.71,0.9191,32,15.59,118,1
2468,53.33,60.86,0.7013,22,12.47,109,0
2469,11.52,29.44,0.2946,9,6.82,62,0
2470,61.05,61.49,0.5297,26,16.26,108,1
2471,58.63,74.45,0.8369,33,13.61,124,0
2472,37.26,50.58,0.3781,14,12.0,63,0
2473,36.37,59.24,0.5418,14,7.49,69,1
2474,66.19,55.16,0.2876,25,14.04,66,1
2475,41.59,43.48,0.3877,13,9.31,62,0
2476,63.81,66.3,0.5658,32,9.85,82,0
2477,57.69,43.67,0.6411,10,10.44,61,0
2478,51.62,64.36,0.6462,24,11.52,110,0
2479,36.6,21.47,0.3465,21,8.33,82,0
2480,42.85,51.61,0.4611,15,7.58,73,0
2481,66.56,52.25,0.5446,25,11.97,118,1
2482,52.72,45.86,0.5878,18,12.62,65,0
2483,90.4,73.48,1.0,32,16.61,112,1
2484,44.32,47.79,0.4594,16,10.88,77,0
2485,41.25,53.74,0.704,20,10.22,95,1
2486,60.97,52.43,0.6296,25,18.73,109,0
2487,20.65,28.26,0.1366,14,2.29,34,0
2488,15.53,13.1,0.1519,8,1.11,42,0
2489,10.45,30.47,0.2384,9,8.47,19,0
2490,94.55,72.74,0.7131,33,13.72,106,1
2491,51.09,43.63,0.4434,15,12.6,48,1
2492,100.0,87.43,1.0,37,22.91,158,1
2493,39.29,34.54,0.2873,13,7.28,47,1
2494,51.99,49.19,0.5888,21,5.3,75,1
2495,73.23,85.47,0.8948,28,16.11,116,1
2496,90.74,100.0,0.9184,34,18.33,136,1
2497,93.29,79.86,1.0,34,21.75,120,0
2498,64.23,81.44,0.6199,38,19.6,118,1
2499,73.15,48.91,0.7516,17,12.04,129,0
2500,60.61,49.92,0.5015,24,14.77,100,1
